Comfort_food,Comfort_food_reasons,Calorie_level,Age,Gender,Exercise_frequency,Satisfaction_level,Weight_change,Height,Body_mass_index
ice_cream,Stress,302.0,18.0,Male,Never,3.0,Gain,197.48,33.8
Pizzzza,Sadness,635.0,52.0,Other,,1.0,No change,157.35,32.12
Chocolate,Celebration,470.0,54.0,Other,,1.0,Loss,196.33,34.41
Burger,Boredom,306.0,64.0,Male,Rarely,3.0,Loss,174.61,20.11
Sushi,Happiness,,,Male,Sometimes,5.0,Gain,162.91,30.42
Fries,Loneliness,900.0,20.0,Other,Rarely,3.0,,172.96,33.95
Cake,Fatigue,220.0,18.0,Other,Sometimes,1.0,Loss,,21.08
Pasta,Socialization,814.0,22.0,Other,Offten,1.0,Loss,174.63,19.13
Soup,Hunger,321.0,43.0,Female,Never,8.0,Loss,166.44,30.6
Steak,Nostalgia,666.0,31.0,Male,Never,2.0,Gain,181.67,27.77
ice_cream,Stress,414.0,56.0,Other,Offten,3.0,Gain,162.01,32.31
Pizzzza,Sadness,530.0,44.0,Male,Never,2.0,No change,153.79,20.38
Chocolate,Celebration,658.0,26.0,Female,Offten,3.0,Loss,156.44,31.52
Burger,,287.0,32.0,Female,Offten,7.0,No change,156.4,21.43
Sushi,Happiness,572.0,32.0,Other,Offten,1.0,Gain,,20.78
Fries,Loneliness,299.0,43.0,Female,Never,8.0,Gain,156.94,20.79
Cake,Fatigue,863.0,59.0,Male,Sometimes,2.0,Gain,182.04,31.85
Pasta,Socialization,,30.0,Other,Offten,3.0,Gain,159.09,29.31
Soup,Hunger,861.0,49.0,Male,Rarely,9.0,Gain,,26.89
Steak,Nostalgia,508.0,56.0,Male,Never,7.0,Gain,194.84,24.1
ice_cream,Stress,969.0,49.0,Female,Offten,4.0,Gain,173.7,32.91
Pizzzza,Sadness,543.0,21.0,Female,Offten,5.0,Loss,183.38,24.67
Chocolate,Celebration,691.0,47.0,Female,,2.0,No change,158.62,31.88
Burger,Boredom,613.0,54.0,Female,Sometimes,8.0,Gain,159.61,25.47
Sushi,Happiness,585.0,40.0,Female,Sometimes,4.0,Loss,152.04,24.41
Fries,Loneliness,391.0,56.0,,Sometimes,9.0,Loss,158.45,25.87
Cake,Fatigue,,62.0,Male,Offten,5.0,No change,163.93,23.12
Pasta,Socialization,360.0,32.0,Male,Offten,9.0,Gain,158.85,30.71
Soup,Hunger,659.0,,Male,Offten,4.0,No change,154.44,26.55
Steak,Nostalgia,513.0,46.0,Male,Never,5.0,Gain,156.03,21.95
ice_cream,Stress,221.0,53.0,Female,Rarely,9.0,,173.04,33.29
Pizzzza,Sadness,452.0,30.0,Male,Offten,8.0,Loss,160.32,24.53
Chocolate,Celebration,947.0,49.0,Other,Rarely,3.0,Loss,168.21,27.24
,Boredom,760.0,,,Rarely,1.0,Loss,175.17,33.41
Sushi,Happiness,674.0,39.0,Male,Sometimes,3.0,No change,184.52,28.61
Fries,Loneliness,258.0,45.0,Male,Never,4.0,Gain,151.97,19.99
Cake,Fatigue,710.0,19.0,Other,Offten,2.0,Gain,189.97,33.98
Pasta,Socialization,881.0,59.0,Other,Sometimes,1.0,No change,181.4,28.67
Soup,Hunger,675.0,,Female,Sometimes,7.0,Gain,154.09,23.69
Steak,Nostalgia,899.0,23.0,Other,Offten,8.0,Loss,193.68,20.37
ice_cream,Stress,982.0,45.0,Female,Rarely,7.0,,196.04,31.5
Pizzzza,Sadness,389.0,45.0,Female,Sometimes,5.0,Loss,153.05,28.54
Chocolate,Celebration,886.0,61.0,Female,Rarely,1.0,No change,163.84,27.07
Burger,Boredom,762.0,61.0,Female,Never,7.0,Gain,190.31,33.2
Sushi,,766.0,37.0,Female,Rarely,7.0,No change,187.41,31.41
Fries,Loneliness,443.0,47.0,Male,,9.0,Gain,159.23,20.58
Cake,Fatigue,704.0,28.0,Other,Rarely,3.0,Loss,160.47,23.3
Pasta,Socialization,330.0,45.0,Female,Sometimes,9.0,No change,168.52,22.22
Soup,Hunger,684.0,42.0,Other,Sometimes,1.0,Gain,,30.65
Steak,Nostalgia,846.0,56.0,Other,Never,1.0,Loss,180.91,18.57
ice_cream,Stress,220.0,50.0,Female,Offten,4.0,No change,168.45,27.69
Pizzzza,Sadness,366.0,18.0,Male,Never,9.0,No change,173.13,30.96
Chocolate,Celebration,473.0,44.0,Female,Never,6.0,Gain,187.37,32.91
Burger,Boredom,587.0,30.0,Male,Rarely,3.0,,,23.82
Sushi,Happiness,800.0,58.0,Other,Rarely,1.0,Gain,162.62,31.96
Fries,Loneliness,515.0,20.0,Male,Never,4.0,Loss,185.67,19.88
Cake,Fatigue,213.0,56.0,Male,Sometimes,9.0,Gain,194.76,32.39
Pasta,Socialization,441.0,23.0,,Rarely,3.0,No change,175.58,20.17
Soup,Hunger,976.0,25.0,Other,Offten,9.0,No change,176.61,24.75
,Nostalgia,545.0,44.0,Other,,7.0,Gain,155.36,31.55
ice_cream,,764.0,26.0,Male,Rarely,4.0,Gain,172.37,20.55
Pizzzza,Sadness,539.0,54.0,Male,Offten,3.0,No change,176.63,21.9
Chocolate,Celebration,,50.0,Female,Never,5.0,Loss,162.12,
Burger,Boredom,566.0,59.0,Male,Offten,5.0,Gain,163.46,30.24
Sushi,Happiness,654.0,61.0,Female,Never,3.0,Gain,168.86,28.9
Fries,Loneliness,627.0,41.0,Male,Never,9.0,No change,151.0,29.8
Cake,Fatigue,708.0,32.0,Female,Never,4.0,Gain,166.1,27.23
Pasta,Socialization,,49.0,Other,Offten,5.0,Loss,160.57,22.28
Soup,Hunger,234.0,49.0,Male,Never,4.0,No change,166.37,23.88
Steak,Nostalgia,405.0,41.0,Male,Sometimes,5.0,Gain,155.99,21.09
,,280.0,58.0,Male,Offten,7.0,No change,194.53,33.44
Pizzzza,Sadness,761.0,29.0,Male,Sometimes,9.0,Gain,179.68,27.92
Chocolate,Celebration,587.0,56.0,Female,Never,7.0,Gain,183.96,
Burger,Boredom,201.0,19.0,Male,Rarely,5.0,Gain,189.46,25.85
Sushi,Happiness,589.0,20.0,Other,Never,7.0,Loss,174.92,34.1
Fries,Loneliness,765.0,54.0,Other,Sometimes,5.0,Loss,154.35,20.61
Cake,Fatigue,305.0,34.0,Male,Sometimes,3.0,No change,176.86,27.97
Pasta,Socialization,,19.0,Other,Offten,7.0,Gain,179.34,26.6
Soup,Hunger,676.0,19.0,Male,Rarely,2.0,Gain,187.27,28.39
Steak,Nostalgia,902.0,45.0,Male,Offten,9.0,Loss,171.58,18.31
ice_cream,,601.0,40.0,Other,Sometimes,1.0,Gain,156.38,32.83
Pizzzza,Sadness,929.0,54.0,Male,Never,6.0,Loss,164.19,33.85
Chocolate,Celebration,755.0,49.0,Other,Rarely,7.0,Gain,168.15,27.61
Burger,Boredom,361.0,50.0,Female,Never,,No change,182.3,29.84
Sushi,Happiness,401.0,,Male,Never,9.0,,178.54,33.68
Fries,Loneliness,469.0,36.0,Female,Rarely,2.0,Gain,167.8,30.02
Cake,Fatigue,470.0,19.0,Other,Offten,2.0,Loss,199.33,20.59
Pasta,,655.0,61.0,,Never,5.0,Gain,180.29,27.8
Soup,Hunger,661.0,43.0,Female,Sometimes,5.0,Gain,,28.31
Steak,Nostalgia,,49.0,Other,Never,6.0,Loss,155.09,25.21
ice_cream,Stress,451.0,23.0,Female,Rarely,3.0,No change,157.64,30.52
Pizzzza,Sadness,901.0,49.0,Female,Rarely,8.0,,162.3,33.88
Chocolate,Celebration,495.0,21.0,,Rarely,1.0,Loss,158.03,33.73
Burger,Boredom,924.0,28.0,Female,Offten,6.0,,159.33,25.66
,Happiness,919.0,,Other,Never,4.0,Loss,164.25,19.93
Fries,Loneliness,948.0,55.0,Female,Offten,1.0,Loss,158.67,
Cake,Fatigue,,41.0,Other,Offten,7.0,Loss,194.84,32.26
Pasta,Socialization,252.0,22.0,Other,,9.0,,154.01,20.12
Soup,Hunger,991.0,51.0,Female,Rarely,4.0,No change,176.23,33.65
Steak,Nostalgia,416.0,23.0,Female,Offten,4.0,Loss,170.52,32.79
ice_cream,Stress,963.0,39.0,Female,Never,6.0,Gain,199.12,26.82
Pizzzza,Sadness,387.0,28.0,Male,Sometimes,3.0,Loss,155.6,28.05
Chocolate,Celebration,579.0,33.0,Male,Offten,6.0,Gain,169.89,24.78
Burger,Boredom,692.0,50.0,Male,,7.0,Loss,198.47,18.93
Sushi,Happiness,240.0,26.0,,Rarely,3.0,Loss,193.28,23.7
Fries,Loneliness,356.0,23.0,Female,Rarely,7.0,No change,190.85,31.65
Cake,Fatigue,214.0,33.0,Other,Never,3.0,Gain,162.9,18.08
Pasta,Socialization,264.0,,Male,Sometimes,2.0,Gain,158.54,23.67
Soup,Hunger,720.0,20.0,Female,Rarely,4.0,No change,183.43,24.77
Steak,Nostalgia,543.0,37.0,Other,Rarely,8.0,No change,196.47,27.14
ice_cream,Stress,328.0,53.0,Female,Rarely,9.0,No change,177.84,33.64
Pizzzza,Sadness,847.0,36.0,Other,Never,7.0,No change,178.58,23.89
Chocolate,Celebration,671.0,43.0,Female,Offten,,Gain,164.0,23.9
Burger,Boredom,262.0,20.0,Male,Rarely,3.0,Gain,188.47,30.54
Sushi,Happiness,338.0,,Male,Offten,9.0,Loss,159.35,25.69
Fries,Loneliness,698.0,37.0,Female,Sometimes,1.0,Loss,166.18,21.82
Cake,Fatigue,792.0,49.0,Other,Rarely,9.0,No change,171.27,25.69
Pasta,Socialization,591.0,24.0,Male,Rarely,8.0,No change,175.38,20.39
Soup,Hunger,874.0,58.0,Male,Sometimes,1.0,No change,162.12,
Steak,Nostalgia,618.0,50.0,Male,Rarely,6.0,Loss,155.74,26.47
ice_cream,Stress,488.0,57.0,Female,Offten,5.0,Loss,180.53,25.12
Pizzzza,Sadness,578.0,56.0,Female,Never,6.0,Loss,164.43,33.55
Chocolate,Celebration,972.0,35.0,Other,Offten,5.0,Loss,179.06,24.16
Burger,Boredom,689.0,57.0,Other,Never,6.0,Loss,157.72,27.87
Sushi,Happiness,430.0,18.0,Other,Never,5.0,Loss,174.06,28.75
Fries,Loneliness,240.0,28.0,Female,Offten,5.0,Loss,176.63,
Cake,Fatigue,227.0,45.0,,Offten,,No change,152.59,29.28
Pasta,Socialization,334.0,42.0,Other,Offten,3.0,No change,166.83,21.03
Soup,Hunger,400.0,40.0,Other,Offten,3.0,No change,156.72,34.34
Steak,Nostalgia,979.0,48.0,Female,Sometimes,4.0,No change,153.17,20.53
ice_cream,Stress,232.0,47.0,Other,Rarely,9.0,Loss,199.5,25.05
Pizzzza,Sadness,247.0,,Male,Never,2.0,Gain,166.12,19.45
Chocolate,Celebration,702.0,52.0,Female,Offten,9.0,Loss,190.49,34.95
Burger,Boredom,606.0,24.0,Other,Offten,,Gain,162.73,26.54
Sushi,Happiness,,33.0,Female,Offten,1.0,No change,184.08,28.12
Fries,Loneliness,927.0,43.0,Male,Sometimes,5.0,Loss,188.01,19.14
Cake,Fatigue,298.0,19.0,Female,Offten,6.0,No change,179.78,
Pasta,Socialization,883.0,18.0,Female,Offten,6.0,Loss,,21.57
Soup,Hunger,925.0,29.0,Female,Offten,3.0,No change,170.59,33.27
Steak,Nostalgia,,22.0,Female,Rarely,7.0,Gain,167.44,21.49
Soup,Sadness,690.0,21.0,Male,Sometimes,8.0,No change,162.62,21.97
,Hunger,672.0,24.0,Other,Offten,7.0,Loss,165.39,19.16
Steak,Fatigue,209.0,45.0,Other,Never,4.0,Gain,180.68,21.18
Soup,Hunger,604.0,45.0,Female,Never,4.0,Loss,194.9,27.44
Pasta,Stress,501.0,21.0,Female,Offten,2.0,Loss,190.5,22.95
ice_cream,Sadness,430.0,39.0,Other,Rarely,1.0,Gain,179.16,25.1
Pasta,Nostalgia,930.0,29.0,Male,,9.0,No change,186.51,24.41
Sushi,Happiness,265.0,62.0,Other,Sometimes,2.0,Gain,168.24,32.89
Chocolate,Stress,311.0,20.0,Male,Sometimes,8.0,Loss,182.05,33.39
Burger,Boredom,212.0,,Male,Rarely,9.0,Loss,173.31,26.38
Chocolate,Boredom,592.0,61.0,Female,Sometimes,4.0,No change,159.5,23.61
Pizzzza,Nostalgia,699.0,19.0,Male,,8.0,Gain,185.09,19.82
Soup,Nostalgia,797.0,41.0,,Offten,9.0,Loss,,34.21
Pasta,,433.0,51.0,Other,Rarely,5.0,Loss,167.93,19.02
Sushi,Hunger,801.0,44.0,Female,Never,7.0,Loss,,23.06
Chocolate,Socialization,513.0,58.0,,Offten,4.0,No change,151.05,23.07
ice_cream,Loneliness,765.0,18.0,Male,Offten,1.0,Loss,165.79,23.45
Pizzzza,Happiness,211.0,25.0,,Never,3.0,Loss,152.84,20.79
Steak,Happiness,408.0,40.0,Other,Offten,5.0,Gain,188.33,31.31
Steak,Fatigue,213.0,55.0,Female,Rarely,3.0,Gain,185.11,20.08
Burger,Stress,832.0,23.0,Female,Sometimes,,Loss,,28.79
Cake,Hunger,617.0,39.0,Male,Rarely,9.0,Loss,183.78,20.11
Sushi,Nostalgia,636.0,42.0,Male,Never,6.0,Gain,169.8,19.2
Pizzzza,Socialization,576.0,35.0,Other,Never,1.0,No change,187.81,33.46
Sushi,Boredom,219.0,34.0,Male,Offten,7.0,No change,172.71,21.23
Chocolate,Nostalgia,786.0,29.0,Male,Rarely,3.0,No change,170.61,31.96
Pasta,Celebration,954.0,23.0,Female,Rarely,5.0,No change,196.74,27.26
Sushi,Nostalgia,934.0,43.0,Male,Never,,No change,162.54,19.32
Cake,Loneliness,269.0,44.0,Other,,5.0,No change,156.02,34.24
Cake,,410.0,25.0,Female,Never,5.0,No change,179.23,22.2
Pizzzza,Happiness,300.0,36.0,Other,Rarely,,No change,198.47,32.61
Burger,Stress,897.0,59.0,Female,Rarely,6.0,Gain,168.89,20.87
Cake,Celebration,331.0,18.0,Male,Rarely,8.0,No change,153.1,32.52
ice_cream,Nostalgia,822.0,46.0,Female,Never,8.0,No change,166.97,18.22
Cake,Socialization,580.0,,Female,Offten,9.0,No change,175.3,26.7
Pizzzza,Stress,331.0,52.0,Male,Rarely,8.0,Loss,158.1,
Pasta,Fatigue,219.0,57.0,Male,Never,2.0,Gain,,33.89
Sushi,Boredom,735.0,,Other,Never,1.0,Gain,199.89,33.46
Fries,Socialization,,52.0,Other,Rarely,2.0,Gain,172.59,31.93
Pasta,Socialization,353.0,62.0,Male,Rarely,2.0,No change,167.74,33.1
Pasta,Stress,941.0,37.0,Male,Offten,3.0,No change,170.04,21.39
Pizzzza,Fatigue,668.0,30.0,Male,Never,7.0,Loss,155.76,22.83
Steak,Hunger,604.0,55.0,Female,Never,2.0,Gain,194.16,22.91
Fries,Nostalgia,401.0,63.0,Female,Sometimes,1.0,No change,170.74,24.41
Sushi,Boredom,237.0,25.0,Female,Never,6.0,Gain,169.36,24.69
Cake,Loneliness,971.0,60.0,Male,Offten,9.0,Loss,182.98,27.26
Burger,Stress,387.0,37.0,Other,Sometimes,3.0,Loss,172.1,20.72
Cake,Boredom,256.0,50.0,Male,Sometimes,6.0,Loss,182.41,29.75
Sushi,Socialization,219.0,43.0,Female,Sometimes,,Gain,153.07,20.85
Pizzzza,Boredom,472.0,56.0,Female,Rarely,1.0,No change,190.69,23.28
Sushi,Socialization,318.0,38.0,Male,Rarely,5.0,No change,197.03,26.56
Fries,Nostalgia,782.0,59.0,Male,Never,4.0,Loss,182.44,31.54
Soup,Fatigue,715.0,60.0,Female,Sometimes,7.0,No change,197.73,30.57
Pizzzza,Nostalgia,420.0,58.0,Female,Offten,6.0,Loss,157.57,28.97
Pizzzza,Loneliness,725.0,,Female,Rarely,7.0,Gain,173.87,20.65
Soup,Hunger,714.0,41.0,Male,Offten,5.0,Loss,180.09,27.3
Cake,Stress,927.0,54.0,Female,Offten,4.0,,179.09,19.49
,Hunger,940.0,58.0,Female,Rarely,7.0,,170.07,24.42
Steak,Happiness,535.0,34.0,,,7.0,No change,166.9,25.03
Soup,Hunger,897.0,41.0,Male,Rarely,6.0,No change,156.34,18.68
Steak,,254.0,38.0,Other,Rarely,8.0,Loss,169.59,22.66
Steak,Sadness,699.0,56.0,Other,Sometimes,4.0,No change,158.13,34.25
Sushi,Nostalgia,965.0,58.0,Female,Sometimes,,No change,,34.21
Cake,Celebration,735.0,56.0,Male,Sometimes,4.0,No change,160.44,23.99
Cake,Loneliness,361.0,30.0,Female,Sometimes,1.0,Gain,152.93,18.73
Chocolate,Nostalgia,869.0,28.0,Male,Never,8.0,No change,177.62,21.04
Soup,,,63.0,Other,Sometimes,1.0,Gain,,24.67
Fries,Hunger,358.0,36.0,Male,Rarely,5.0,Loss,193.6,34.11
Pasta,Socialization,387.0,28.0,Female,Offten,6.0,No change,178.85,20.4
Burger,Boredom,259.0,30.0,Female,Sometimes,6.0,,167.27,30.98
ice_cream,Socialization,518.0,63.0,Female,Never,5.0,No change,190.15,19.85
Steak,Loneliness,410.0,,Male,Rarely,3.0,Loss,177.01,34.68
Soup,Happiness,605.0,18.0,Other,Offten,5.0,Gain,153.96,24.49
Pasta,Sadness,863.0,57.0,Other,Offten,8.0,Gain,178.29,31.18
Burger,Nostalgia,308.0,61.0,Male,Sometimes,2.0,No change,195.4,23.82
Sushi,Boredom,275.0,36.0,Female,Offten,6.0,Loss,169.82,28.67
Burger,,741.0,29.0,Other,Sometimes,9.0,Loss,164.82,21.26
Soup,Socialization,513.0,25.0,Female,Sometimes,8.0,Loss,157.17,20.48
Steak,Happiness,316.0,25.0,Male,,8.0,Loss,157.57,33.95
Sushi,Hunger,903.0,62.0,Female,Rarely,8.0,Loss,171.64,33.6
Chocolate,Socialization,218.0,29.0,Other,Never,7.0,Gain,179.78,
Pizzzza,Loneliness,,50.0,Other,Rarely,8.0,Gain,154.03,28.63
Burger,Sadness,884.0,62.0,Female,Rarely,,Gain,196.98,31.74
Soup,Happiness,939.0,43.0,Male,Sometimes,2.0,No change,187.76,
Soup,Loneliness,549.0,56.0,,Rarely,2.0,Loss,179.33,23.69
Pasta,Boredom,382.0,45.0,Male,Sometimes,8.0,No change,191.42,23.33
Cake,Happiness,312.0,22.0,Female,Sometimes,1.0,Loss,154.01,28.81
Sushi,Hunger,382.0,25.0,Other,Rarely,6.0,Gain,173.84,24.05
Steak,Boredom,680.0,42.0,Male,Never,6.0,No change,181.5,20.52
Pasta,Loneliness,345.0,44.0,Male,Never,4.0,,191.43,28.14
Sushi,Loneliness,827.0,63.0,Male,Offten,3.0,Loss,189.17,31.84
Pizzzza,Fatigue,312.0,40.0,Other,Offten,3.0,Loss,163.85,24.5
Steak,Celebration,,47.0,Female,Rarely,1.0,,197.04,20.25
ice_cream,Loneliness,675.0,62.0,Other,Never,3.0,Gain,156.22,21.34
Burger,Sadness,962.0,64.0,Male,Sometimes,,Loss,193.76,22.04
Cake,,502.0,40.0,,Offten,5.0,Gain,198.55,23.1
Pizzzza,Loneliness,317.0,64.0,Other,Sometimes,3.0,No change,158.86,
Fries,Celebration,360.0,37.0,Male,,6.0,Loss,186.1,28.22
Cake,Stress,600.0,35.0,Male,Rarely,5.0,,152.01,29.83
Cake,Stress,397.0,35.0,Other,Never,,Loss,170.27,24.16
Fries,Celebration,459.0,19.0,Other,Offten,6.0,No change,175.81,32.01
Fries,Socialization,859.0,21.0,Other,Never,6.0,Loss,179.03,21.47
Cake,Hunger,951.0,47.0,Male,Sometimes,8.0,Gain,,25.97
Cake,Happiness,246.0,50.0,Other,Rarely,2.0,Gain,183.61,31.62
ice_cream,Nostalgia,598.0,53.0,Male,Never,1.0,Loss,174.06,21.06
Burger,Celebration,909.0,35.0,Other,Rarely,4.0,Loss,190.48,19.87
Pasta,Celebration,758.0,54.0,Male,,7.0,No change,,33.02
Pizzzza,Hunger,277.0,36.0,Male,Sometimes,3.0,No change,151.1,23.83
Chocolate,Celebration,323.0,64.0,Female,Sometimes,3.0,No change,199.13,29.63
Pasta,,274.0,45.0,Other,Rarely,5.0,Loss,154.31,
Pizzzza,Fatigue,336.0,57.0,Other,Sometimes,5.0,No change,190.72,29.73
Fries,Socialization,801.0,37.0,Male,Offten,3.0,No change,164.02,23.37
,Socialization,599.0,50.0,Male,Never,9.0,Gain,156.61,18.95
Steak,Happiness,704.0,29.0,Male,Sometimes,4.0,No change,171.99,28.37
Burger,Sadness,699.0,32.0,Female,Offten,3.0,Gain,182.2,22.09
Cake,Sadness,772.0,58.0,Female,Rarely,2.0,Gain,169.05,24.58
ice_cream,Sadness,337.0,56.0,Male,Offten,9.0,No change,152.73,19.37
Fries,Hunger,249.0,19.0,Other,Rarely,4.0,Gain,179.97,20.5
Sushi,Sadness,970.0,46.0,Other,Rarely,3.0,Loss,195.12,23.07
Fries,Celebration,818.0,,Female,,7.0,Loss,169.16,19.53
Soup,Celebration,824.0,27.0,Female,Never,8.0,No change,160.82,33.48
ice_cream,Hunger,453.0,19.0,Male,Offten,,Loss,172.13,18.1
Steak,Happiness,829.0,28.0,Other,Never,7.0,Gain,152.42,26.23
ice_cream,Hunger,909.0,30.0,Male,Never,5.0,Loss,191.02,20.1
Chocolate,Socialization,762.0,27.0,Female,Never,5.0,No change,191.32,23.23
Soup,,956.0,31.0,Other,Offten,3.0,No change,179.4,33.74
Burger,Hunger,625.0,,Other,Sometimes,5.0,Gain,167.66,20.75
Pasta,Happiness,746.0,26.0,Female,Never,2.0,No change,189.99,34.42
Sushi,Loneliness,501.0,56.0,Male,Never,4.0,Loss,177.73,21.5
ice_cream,Nostalgia,780.0,45.0,Male,Offten,6.0,No change,,30.61
Soup,Celebration,548.0,20.0,,Sometimes,1.0,Gain,181.57,27.29
,Hunger,248.0,37.0,Female,Never,4.0,No change,189.22,33.04
Chocolate,Happiness,273.0,23.0,Other,Rarely,,Loss,,27.42
Fries,Sadness,903.0,44.0,Female,Offten,9.0,Gain,170.71,27.09
ice_cream,Stress,460.0,19.0,Male,Never,2.0,Loss,197.9,21.32
Soup,Hunger,555.0,46.0,Female,Never,7.0,Gain,177.06,20.83
Chocolate,Nostalgia,781.0,55.0,Male,Rarely,6.0,No change,180.25,33.58
Steak,Boredom,801.0,20.0,Female,Rarely,2.0,Gain,161.02,23.57
Cake,Hunger,459.0,33.0,Other,Offten,8.0,Gain,181.28,24.33
Soup,Celebration,837.0,47.0,Male,Offten,7.0,No change,178.58,30.92
ice_cream,Happiness,942.0,57.0,Other,Rarely,5.0,Loss,159.24,23.76
Burger,Loneliness,494.0,19.0,Other,Offten,5.0,No change,152.98,34.19
Pizzzza,Sadness,840.0,34.0,Male,Rarely,7.0,,180.22,30.54
Sushi,Socialization,991.0,58.0,Male,Never,9.0,No change,188.18,
Soup,Fatigue,512.0,29.0,Other,Rarely,9.0,Gain,176.17,32.98
Sushi,Sadness,811.0,52.0,Other,Rarely,9.0,No change,161.34,18.84
ice_cream,Celebration,381.0,60.0,Other,Sometimes,6.0,No change,183.33,22.37
Pasta,Socialization,885.0,18.0,Other,Rarely,6.0,Loss,154.01,25.91
Pizzzza,Fatigue,563.0,62.0,Male,Rarely,3.0,Gain,172.09,21.86
Pasta,Boredom,387.0,32.0,Male,Sometimes,1.0,Loss,158.17,30.65
Pizzzza,Happiness,768.0,43.0,Other,Offten,7.0,Gain,159.22,33.63
Soup,Celebration,742.0,54.0,Female,Sometimes,4.0,No change,160.11,25.2
ice_cream,Fatigue,795.0,38.0,Female,Never,1.0,Gain,169.34,23.82
Burger,Nostalgia,863.0,48.0,Male,Sometimes,8.0,Loss,152.56,34.35
Soup,Loneliness,747.0,42.0,Other,Never,6.0,Loss,169.89,25.56
Cake,Socialization,924.0,40.0,Other,Offten,6.0,Loss,175.59,26.31
Burger,Celebration,607.0,41.0,Male,Sometimes,2.0,Gain,174.16,23.98
Cake,Stress,817.0,55.0,Female,,1.0,Loss,169.14,33.46
Sushi,Fatigue,613.0,45.0,Female,Offten,2.0,Loss,191.96,27.67
Cake,Nostalgia,541.0,38.0,Female,Never,4.0,Loss,157.27,30.96
Pizzzza,Fatigue,419.0,60.0,Male,Sometimes,2.0,No change,175.28,31.8
Pizzzza,Fatigue,362.0,35.0,Female,Never,1.0,No change,153.1,23.81
Steak,Boredom,419.0,53.0,Male,Sometimes,7.0,Gain,153.56,25.37
Chocolate,Happiness,,52.0,Male,Rarely,8.0,Gain,178.69,32.42
,Loneliness,831.0,62.0,Other,Sometimes,,Loss,178.3,24.18
ice_cream,Stress,599.0,26.0,Female,Offten,4.0,No change,193.9,31.5
Pasta,,381.0,55.0,Male,Offten,6.0,Loss,177.89,34.0
Sushi,Socialization,817.0,47.0,Female,Never,3.0,Loss,197.99,28.59
Soup,Stress,928.0,61.0,Female,,8.0,No change,152.43,30.61
Pizzzza,Hunger,404.0,51.0,Other,Never,2.0,No change,154.9,31.69
Soup,Boredom,781.0,49.0,Female,Never,5.0,No change,152.2,32.37
Soup,Socialization,,20.0,Other,Rarely,1.0,Gain,159.26,24.72
Fries,Happiness,427.0,20.0,Male,Rarely,,Gain,,18.87
Cake,Fatigue,895.0,45.0,Female,,2.0,Loss,182.28,24.83
Pizzzza,Sadness,818.0,61.0,Male,Never,4.0,Gain,152.28,29.45
Steak,Fatigue,795.0,32.0,Female,Offten,6.0,No change,197.3,25.66
Fries,Happiness,449.0,58.0,Male,Sometimes,8.0,No change,192.11,30.73
Fries,,640.0,40.0,,Never,8.0,Gain,164.83,24.07
Fries,Loneliness,732.0,57.0,Female,Never,6.0,Loss,153.86,28.79
Sushi,Sadness,395.0,28.0,Female,Sometimes,4.0,Loss,158.49,21.17
Burger,Fatigue,889.0,49.0,Female,Sometimes,8.0,Gain,156.35,30.74
Soup,Sadness,718.0,53.0,Female,Offten,8.0,Loss,156.16,27.28
Cake,Nostalgia,269.0,50.0,Female,,,Loss,175.93,21.47
Cake,Hunger,838.0,41.0,Female,Sometimes,4.0,Loss,162.29,22.96
Cake,Boredom,598.0,56.0,Female,,4.0,No change,167.91,30.73
Sushi,Fatigue,871.0,51.0,Female,Sometimes,7.0,No change,199.48,26.2
Pizzzza,,959.0,45.0,Male,Never,7.0,Gain,184.22,21.67
Soup,Socialization,402.0,54.0,Other,Never,8.0,No change,197.45,34.44
Pizzzza,Boredom,347.0,24.0,Female,Rarely,5.0,Loss,157.13,30.16
Fries,Hunger,671.0,21.0,Other,Never,7.0,,169.11,34.27
Chocolate,,854.0,54.0,Female,Sometimes,8.0,Gain,177.74,25.26
Cake,Loneliness,398.0,18.0,Female,Offten,9.0,,153.84,26.08
,Sadness,625.0,18.0,Male,Rarely,3.0,Loss,150.21,33.27
Pasta,Loneliness,865.0,64.0,Male,Offten,3.0,Loss,183.52,26.93
Sushi,Boredom,691.0,37.0,Other,Sometimes,4.0,Gain,182.09,30.02
Pasta,Socialization,341.0,36.0,Male,Never,5.0,No change,170.54,22.29
ice_cream,Fatigue,512.0,46.0,Male,Rarely,1.0,,174.48,25.59
Cake,Boredom,364.0,27.0,Other,Sometimes,7.0,,170.77,20.1
Pasta,Hunger,513.0,35.0,Male,Rarely,9.0,Loss,151.2,21.5
Soup,Nostalgia,220.0,45.0,,Rarely,8.0,Gain,166.77,18.02
Sushi,Loneliness,281.0,52.0,Other,Never,5.0,No change,158.85,18.67
Steak,Fatigue,780.0,60.0,Other,Sometimes,4.0,Loss,154.92,34.61
Burger,Celebration,330.0,64.0,Female,Offten,7.0,Loss,197.84,22.12
Chocolate,Hunger,798.0,48.0,Male,Rarely,5.0,Loss,179.97,29.28
,,929.0,44.0,Other,Rarely,,No change,186.43,32.26
Pasta,Stress,504.0,28.0,Other,Offten,1.0,No change,165.77,27.36
Fries,Fatigue,570.0,55.0,Female,,1.0,No change,169.66,20.6
Sushi,Loneliness,583.0,22.0,Female,Rarely,3.0,No change,161.85,30.38
Burger,,644.0,25.0,Male,Rarely,2.0,No change,154.85,28.2
Chocolate,Happiness,624.0,51.0,Other,Rarely,2.0,No change,158.95,30.43
Pasta,Nostalgia,360.0,29.0,Male,Sometimes,7.0,No change,189.88,
Fries,Sadness,377.0,55.0,Male,Sometimes,2.0,No change,183.88,34.58
Chocolate,Stress,828.0,18.0,Female,Offten,4.0,No change,177.35,27.75
,Happiness,907.0,48.0,Other,Sometimes,2.0,Loss,173.75,23.81
Fries,Sadness,689.0,21.0,Other,Sometimes,6.0,No change,196.12,29.02
Soup,Hunger,526.0,62.0,,Never,8.0,Gain,153.64,19.16
Pizzzza,Stress,797.0,22.0,Female,Offten,4.0,Loss,164.03,33.26
Fries,Fatigue,488.0,47.0,Female,Rarely,5.0,No change,167.5,
ice_cream,Socialization,792.0,41.0,Female,Sometimes,4.0,Gain,189.12,
Steak,Nostalgia,863.0,20.0,Female,Rarely,3.0,No change,199.63,31.87
Chocolate,Hunger,772.0,28.0,Female,Rarely,5.0,Gain,162.03,28.15
Burger,Nostalgia,772.0,62.0,Other,Never,,Gain,193.72,24.69
Chocolate,Nostalgia,553.0,21.0,Male,Sometimes,8.0,Gain,191.53,26.05
Sushi,Hunger,227.0,43.0,Other,Offten,,Gain,161.23,32.53
Chocolate,Hunger,242.0,44.0,Male,Sometimes,8.0,Loss,169.97,
Steak,Hunger,880.0,63.0,Female,Rarely,8.0,Loss,170.48,32.78
Pasta,Socialization,,60.0,Male,Offten,7.0,,198.91,19.5
Cake,Hunger,797.0,44.0,Other,Sometimes,8.0,No change,159.04,31.21
Chocolate,Fatigue,376.0,59.0,Other,Rarely,8.0,Gain,189.96,32.41
Soup,Stress,728.0,23.0,Male,Rarely,8.0,Loss,166.71,21.09
ice_cream,Socialization,809.0,32.0,Female,Never,7.0,No change,186.54,25.32
Pasta,Socialization,,47.0,Female,Never,1.0,Loss,171.0,20.81
Steak,Fatigue,397.0,59.0,Other,Never,4.0,Loss,178.92,30.01
Cake,Sadness,,54.0,Male,Rarely,4.0,No change,191.63,27.1
ice_cream,Boredom,776.0,54.0,Female,Sometimes,5.0,Gain,190.21,28.8
Burger,Happiness,716.0,59.0,Female,Never,6.0,Gain,193.32,21.34
,Fatigue,713.0,54.0,Other,Sometimes,,Gain,152.98,21.6
Chocolate,Happiness,221.0,52.0,Female,Never,2.0,Gain,184.6,18.71
Fries,Fatigue,311.0,40.0,Male,Offten,6.0,No change,157.0,23.48
Pasta,Sadness,256.0,23.0,Other,Offten,8.0,No change,170.79,27.52
ice_cream,Socialization,265.0,21.0,Other,Never,8.0,No change,177.43,32.58
Pizzzza,Happiness,297.0,35.0,Male,Rarely,7.0,Loss,170.14,29.34
Cake,Boredom,343.0,26.0,Other,Never,6.0,No change,175.98,25.4
Pizzzza,Loneliness,634.0,46.0,Female,Never,2.0,Gain,199.83,34.2
Burger,Hunger,836.0,30.0,Female,Rarely,7.0,Loss,156.76,30.23
Soup,Socialization,878.0,64.0,Male,Offten,5.0,Gain,183.77,33.81
Pizzzza,Sadness,285.0,34.0,Female,Sometimes,6.0,Gain,169.8,26.97
Chocolate,Sadness,787.0,62.0,Male,Never,8.0,No change,156.65,22.4
Chocolate,Sadness,543.0,49.0,Male,Rarely,8.0,No change,157.94,18.9
Burger,Hunger,493.0,39.0,Female,Never,3.0,Gain,197.46,30.34
Cake,,770.0,21.0,Male,Rarely,7.0,Gain,,20.06
Steak,Fatigue,849.0,22.0,Female,Sometimes,1.0,Loss,195.35,23.15
Burger,Stress,810.0,54.0,Other,Sometimes,1.0,No change,199.58,27.05
Cake,Celebration,903.0,58.0,Other,Offten,7.0,Loss,160.42,27.6
Cake,Loneliness,442.0,30.0,Male,Rarely,,Loss,167.77,28.21
Chocolate,Fatigue,760.0,51.0,Female,Rarely,7.0,Loss,,20.83
Steak,Celebration,231.0,62.0,Female,Offten,5.0,Gain,,24.46
Fries,Nostalgia,590.0,39.0,Other,Offten,8.0,Loss,170.92,28.49
Sushi,,476.0,40.0,Other,,2.0,Loss,167.89,34.49
,Hunger,731.0,20.0,Female,Offten,9.0,Gain,179.69,
,Nostalgia,353.0,59.0,Male,Sometimes,6.0,No change,178.78,33.68
Cake,Nostalgia,582.0,51.0,Other,Never,9.0,No change,158.07,30.96
Soup,Happiness,267.0,49.0,Male,Sometimes,2.0,Loss,173.59,28.06
Soup,Fatigue,413.0,62.0,Male,Offten,3.0,Gain,177.67,21.26
Steak,Socialization,854.0,38.0,Other,Rarely,8.0,,178.51,29.33
Pizzzza,Nostalgia,575.0,63.0,Male,Rarely,1.0,Loss,160.51,28.6
ice_cream,Fatigue,943.0,61.0,Male,Sometimes,7.0,Loss,187.11,28.24
Chocolate,Boredom,412.0,38.0,Female,Rarely,7.0,Gain,151.26,26.33
Pizzzza,Happiness,278.0,61.0,,Offten,1.0,Loss,167.74,26.99
Pizzzza,Socialization,925.0,28.0,,Sometimes,9.0,No change,189.01,23.69
Chocolate,Celebration,827.0,56.0,Other,Rarely,8.0,Gain,178.19,26.83
Chocolate,Loneliness,803.0,,Other,Never,4.0,No change,163.06,
Steak,Nostalgia,981.0,18.0,Female,Never,5.0,No change,184.75,31.69
Sushi,Nostalgia,580.0,45.0,Other,Offten,2.0,No change,178.37,21.16
,Sadness,879.0,41.0,Male,Rarely,9.0,Loss,189.81,19.44
Chocolate,Sadness,,52.0,Male,Offten,,Loss,,25.42
Pasta,Happiness,995.0,30.0,Male,Sometimes,3.0,No change,180.51,
ice_cream,Socialization,225.0,64.0,Other,Never,7.0,No change,174.41,25.44
Pasta,Nostalgia,646.0,,,Sometimes,9.0,Gain,156.66,22.7
ice_cream,Loneliness,265.0,28.0,Other,Rarely,3.0,Gain,163.07,27.49
Sushi,Socialization,959.0,53.0,Male,Offten,2.0,Loss,170.95,23.9
Cake,Boredom,453.0,,Female,Offten,7.0,Loss,179.96,33.86
Chocolate,Loneliness,243.0,52.0,Other,Offten,7.0,Gain,175.69,33.68
Soup,Fatigue,296.0,35.0,Other,Sometimes,4.0,No change,,26.54
Cake,Stress,753.0,57.0,Male,Never,9.0,Loss,150.32,23.57
Fries,Fatigue,426.0,39.0,Other,Sometimes,8.0,No change,174.81,30.53
Soup,Happiness,973.0,41.0,Other,Sometimes,1.0,Gain,164.28,18.62
Steak,Loneliness,,36.0,Female,Rarely,1.0,Loss,186.73,
Sushi,Stress,,54.0,Female,Rarely,,Loss,151.2,23.72
Sushi,Happiness,990.0,56.0,Male,Rarely,6.0,Gain,179.24,33.65
Soup,Sadness,800.0,38.0,Female,Never,3.0,Loss,197.07,18.2
Burger,Nostalgia,578.0,25.0,Male,Never,9.0,Gain,158.72,27.4
Pasta,Loneliness,377.0,45.0,Male,Rarely,6.0,Loss,173.58,30.59
Pizzzza,Celebration,626.0,22.0,Male,Rarely,4.0,Gain,154.57,26.25
Chocolate,,908.0,34.0,Other,Never,,Loss,181.28,19.45
Steak,Celebration,506.0,54.0,Female,Offten,8.0,No change,177.53,34.53
Cake,Sadness,978.0,53.0,Male,Never,9.0,No change,170.37,26.81
Steak,Happiness,703.0,36.0,Female,Never,6.0,No change,176.07,28.44
Pasta,Boredom,467.0,44.0,Male,Never,6.0,Loss,194.83,22.02
ice_cream,Socialization,785.0,51.0,Female,Rarely,8.0,Loss,159.81,26.22
Burger,Happiness,207.0,28.0,Female,Offten,5.0,No change,151.13,25.3
Steak,Boredom,707.0,62.0,Male,Never,3.0,No change,193.08,19.27
Sushi,Socialization,675.0,64.0,Other,Rarely,3.0,Gain,178.86,19.8
Pizzzza,Happiness,496.0,29.0,Female,Sometimes,6.0,Gain,194.53,32.24
Chocolate,Stress,363.0,,Other,Sometimes,2.0,Gain,179.85,22.08
Sushi,Nostalgia,684.0,28.0,Other,Never,6.0,No change,190.51,21.31
Cake,Boredom,796.0,56.0,Male,Sometimes,6.0,No change,171.48,26.58
Fries,Sadness,271.0,45.0,Male,Offten,8.0,No change,187.49,31.07
Steak,,766.0,,Male,Sometimes,7.0,Gain,195.65,19.05
Pasta,Socialization,758.0,34.0,Female,Sometimes,8.0,Loss,178.61,27.81
Steak,Loneliness,437.0,37.0,Male,Offten,9.0,No change,159.04,20.03
ice_cream,Boredom,303.0,58.0,Male,Never,,Loss,163.44,18.62
Chocolate,Loneliness,409.0,,Female,Never,3.0,Loss,159.93,18.9
Fries,Happiness,753.0,,Female,Offten,3.0,Loss,162.34,32.18
Steak,Happiness,667.0,23.0,Male,Offten,1.0,Gain,165.32,20.01
Pizzzza,Sadness,653.0,34.0,Male,Offten,5.0,Loss,177.76,18.77
Cake,Happiness,467.0,36.0,Male,Sometimes,4.0,No change,,25.44
Soup,Fatigue,585.0,43.0,Male,Offten,9.0,Gain,171.32,32.35
Soup,Happiness,974.0,61.0,Other,Rarely,9.0,No change,180.77,22.46
,Loneliness,586.0,,Other,Sometimes,5.0,No change,154.08,25.17
Chocolate,Loneliness,458.0,49.0,Male,Never,4.0,Gain,154.39,18.68
Cake,Nostalgia,482.0,23.0,Other,Never,7.0,No change,158.59,25.63
Sushi,Stress,,53.0,Female,Never,6.0,No change,175.9,27.82
Soup,Sadness,239.0,55.0,Other,Sometimes,4.0,Gain,160.7,27.71
Steak,Hunger,685.0,28.0,Other,Rarely,2.0,No change,164.16,23.65
Cake,Sadness,419.0,50.0,Male,Offten,,Loss,170.02,23.36
,Sadness,328.0,41.0,Other,Offten,4.0,No change,190.59,19.81
Sushi,Happiness,719.0,40.0,Other,Never,4.0,Loss,150.69,24.24
Pasta,Boredom,812.0,32.0,Other,Never,1.0,No change,182.47,19.69
,Fatigue,887.0,44.0,Other,Sometimes,6.0,Gain,183.44,31.03
Chocolate,Nostalgia,818.0,28.0,Female,Rarely,4.0,Gain,189.93,34.43
Pasta,Fatigue,812.0,34.0,Male,Offten,1.0,No change,,34.49
Cake,Boredom,459.0,31.0,Male,Sometimes,1.0,Gain,151.01,32.71
Soup,Celebration,565.0,44.0,Female,Offten,1.0,No change,157.69,28.21
Pizzzza,Loneliness,957.0,35.0,Other,Never,8.0,Gain,194.31,29.91
Steak,Stress,986.0,45.0,Female,Offten,8.0,Loss,172.93,22.85
Pizzzza,Nostalgia,743.0,64.0,Other,Rarely,2.0,No change,178.23,28.72
Cake,,848.0,64.0,Female,Rarely,7.0,Loss,183.15,25.75
Pizzzza,Nostalgia,723.0,21.0,Male,Never,8.0,Loss,183.95,26.19
Soup,Happiness,215.0,24.0,Male,Rarely,,No change,196.59,30.88
Chocolate,Happiness,328.0,62.0,Male,Rarely,7.0,Loss,,22.79
Fries,,774.0,52.0,Other,Sometimes,5.0,No change,186.01,23.41
Chocolate,Celebration,308.0,26.0,Other,Offten,1.0,Loss,164.36,
Cake,Happiness,732.0,25.0,Female,Never,9.0,No change,193.99,18.96
Burger,Boredom,869.0,,Female,Never,7.0,No change,152.46,26.26
Pasta,Happiness,468.0,34.0,Male,Never,2.0,Gain,161.55,33.52
Pasta,Nostalgia,361.0,34.0,Other,Never,,No change,,28.38
Soup,Nostalgia,459.0,50.0,Female,Never,2.0,No change,162.81,27.29
Steak,Boredom,301.0,49.0,Other,Rarely,1.0,Loss,161.03,22.25
Burger,Happiness,705.0,25.0,Other,Sometimes,7.0,No change,156.91,23.84
Chocolate,Stress,934.0,36.0,Male,Never,2.0,Gain,192.96,
Steak,,770.0,55.0,Male,Sometimes,2.0,Loss,175.0,27.51
Soup,Happiness,,20.0,Other,Sometimes,5.0,Loss,183.74,26.75
Cake,Fatigue,839.0,22.0,Other,Rarely,5.0,Gain,161.95,19.69
Pizzzza,Loneliness,994.0,30.0,Other,Never,7.0,Loss,187.9,18.27
Fries,Happiness,736.0,64.0,Other,,1.0,Loss,188.0,34.38
Pasta,Hunger,330.0,63.0,Male,Never,8.0,Loss,165.63,24.41
Cake,Socialization,552.0,48.0,Female,Rarely,3.0,Loss,170.53,28.25
Pizzzza,Sadness,395.0,33.0,Male,Sometimes,4.0,Gain,160.48,19.36
Pasta,Sadness,992.0,49.0,Female,Never,9.0,Gain,198.83,29.61
Pasta,Socialization,865.0,39.0,Other,Offten,4.0,Loss,182.28,33.85
Pizzzza,Loneliness,581.0,,Female,Sometimes,5.0,Loss,196.73,27.79
Steak,Sadness,844.0,39.0,Male,Offten,7.0,Gain,165.17,20.14
Steak,Stress,426.0,60.0,Male,Sometimes,,Gain,189.09,27.89
Burger,Socialization,900.0,20.0,Other,Rarely,1.0,Gain,188.29,31.03
Soup,Nostalgia,,,Male,Never,9.0,Loss,184.58,24.91
Sushi,Nostalgia,676.0,59.0,Other,Sometimes,4.0,Loss,198.28,
Cake,Boredom,464.0,38.0,Male,Rarely,9.0,No change,169.68,29.03
Soup,Celebration,571.0,33.0,Male,Never,6.0,Gain,156.54,33.29
Soup,Celebration,685.0,29.0,Other,Never,1.0,Loss,183.59,28.6
Chocolate,Nostalgia,633.0,19.0,Female,Sometimes,3.0,Gain,186.47,20.23
Burger,Nostalgia,845.0,58.0,Male,Never,2.0,Loss,178.75,23.26
ice_cream,Stress,410.0,41.0,Female,Sometimes,9.0,Gain,160.34,21.43
Soup,Happiness,771.0,52.0,Male,Never,1.0,Loss,175.22,33.45
Pasta,Nostalgia,576.0,47.0,Male,Offten,9.0,No change,165.61,30.93
Fries,Hunger,594.0,47.0,Male,Rarely,9.0,,171.37,29.5
Soup,Nostalgia,649.0,64.0,Male,Offten,8.0,Gain,182.26,23.12
Burger,Loneliness,563.0,52.0,Female,Sometimes,8.0,Loss,187.26,21.13
Soup,Stress,656.0,36.0,Female,Offten,,Loss,161.61,30.86
Soup,Loneliness,924.0,25.0,Male,Sometimes,8.0,Gain,170.27,26.06
Sushi,Celebration,927.0,43.0,Male,Never,3.0,Loss,163.46,21.84
Soup,Fatigue,425.0,57.0,Female,Never,7.0,Gain,159.93,28.48
Soup,Hunger,330.0,24.0,Other,Sometimes,1.0,Loss,189.17,18.69
Sushi,Celebration,787.0,47.0,,Offten,1.0,Gain,195.46,23.54
Fries,Happiness,675.0,24.0,Female,Never,5.0,Loss,168.51,25.97
Pizzzza,Fatigue,997.0,20.0,Male,Rarely,5.0,Gain,187.56,20.52
Steak,Nostalgia,476.0,18.0,Male,Never,8.0,Loss,194.85,34.74
Burger,Fatigue,355.0,53.0,Other,Rarely,7.0,No change,192.31,21.55
Pizzzza,Boredom,,42.0,Other,Offten,8.0,Loss,159.14,20.22
Cake,Boredom,417.0,54.0,Female,,6.0,Gain,197.81,21.46
,Celebration,389.0,18.0,Other,Rarely,6.0,No change,168.83,31.07
Fries,Nostalgia,616.0,32.0,,Rarely,2.0,Loss,166.96,25.23
Pizzzza,Fatigue,874.0,54.0,Other,Rarely,6.0,No change,153.12,27.61
ice_cream,Stress,891.0,,Other,Never,5.0,Loss,174.31,18.36
Cake,Celebration,745.0,57.0,Other,Rarely,3.0,No change,155.45,18.59
ice_cream,Boredom,240.0,25.0,Male,Never,6.0,Gain,162.43,25.58
Burger,Sadness,506.0,22.0,,Rarely,8.0,Loss,165.85,31.88
,Sadness,537.0,26.0,Male,Sometimes,9.0,,190.44,33.05
ice_cream,Boredom,513.0,18.0,Other,Offten,1.0,Gain,193.77,19.47
ice_cream,Celebration,274.0,53.0,Female,Rarely,3.0,No change,165.12,27.15
Pasta,Loneliness,478.0,52.0,Female,Sometimes,3.0,Gain,192.93,
Burger,Sadness,375.0,19.0,Female,Rarely,8.0,Gain,192.86,24.6
,Fatigue,861.0,57.0,Female,Rarely,1.0,No change,188.23,32.1
Burger,Sadness,472.0,40.0,Male,Rarely,5.0,Gain,157.33,
Sushi,Boredom,819.0,26.0,Male,Sometimes,3.0,Loss,184.52,33.9
Burger,Loneliness,850.0,51.0,Other,Offten,2.0,Loss,197.25,30.77
Pizzzza,Celebration,982.0,63.0,Other,Sometimes,8.0,Loss,184.13,34.0
Pasta,Nostalgia,488.0,31.0,Female,Offten,3.0,Gain,166.58,29.5
Sushi,Sadness,923.0,21.0,Male,Rarely,7.0,Loss,175.03,24.18
Cake,Hunger,471.0,47.0,,Never,1.0,Loss,182.29,33.95
Pizzzza,Socialization,265.0,48.0,Other,Rarely,6.0,Loss,175.53,22.68
Steak,Socialization,682.0,55.0,Other,Offten,3.0,,156.0,23.65
Chocolate,Nostalgia,447.0,28.0,Female,Sometimes,8.0,Loss,165.6,29.91
Chocolate,Celebration,355.0,52.0,Other,Rarely,6.0,Loss,190.12,31.01
Pasta,Happiness,246.0,25.0,Female,Sometimes,2.0,Gain,193.07,33.8
Soup,Celebration,653.0,20.0,Male,Sometimes,6.0,Loss,156.87,21.48
Cake,Sadness,400.0,31.0,Female,Sometimes,7.0,Loss,,31.57
Steak,Hunger,859.0,30.0,Male,Rarely,5.0,No change,166.44,30.56
ice_cream,Sadness,323.0,62.0,Male,Sometimes,3.0,Gain,183.12,19.08
Chocolate,Fatigue,200.0,49.0,Other,Sometimes,4.0,Gain,187.59,24.58
Burger,Loneliness,958.0,51.0,Other,Rarely,4.0,Gain,190.6,22.81
,Boredom,839.0,62.0,Other,Sometimes,6.0,Gain,197.29,23.18
Pizzzza,Sadness,390.0,36.0,Female,Rarely,1.0,Loss,165.65,34.71
ice_cream,,778.0,55.0,Female,Offten,,Loss,192.93,28.93
Fries,Sadness,715.0,33.0,Other,Offten,4.0,No change,156.58,30.2
Sushi,Sadness,641.0,19.0,Female,Offten,1.0,No change,185.25,
Cake,Stress,342.0,57.0,Other,Sometimes,9.0,Gain,187.1,24.41
Fries,Sadness,390.0,34.0,Female,Never,4.0,No change,183.89,31.63
Burger,Celebration,732.0,51.0,Male,Never,7.0,No change,,25.39
Soup,Happiness,426.0,59.0,Male,Sometimes,3.0,Gain,193.65,32.78
Chocolate,Fatigue,512.0,33.0,Other,Never,3.0,Gain,158.44,
Cake,Nostalgia,828.0,55.0,,Rarely,8.0,No change,152.68,34.11
Steak,Fatigue,501.0,19.0,Female,Never,8.0,Loss,185.87,21.72
Pasta,Hunger,853.0,19.0,Male,Sometimes,1.0,No change,173.77,23.55
Pizzzza,Nostalgia,659.0,43.0,Male,Sometimes,2.0,No change,192.45,30.86
Soup,Nostalgia,600.0,30.0,,Rarely,8.0,Loss,169.17,24.69
Burger,Socialization,750.0,64.0,Male,Offten,1.0,,158.41,28.34
Pizzzza,Hunger,592.0,48.0,Other,Sometimes,8.0,Gain,191.82,25.56
ice_cream,Fatigue,963.0,51.0,Male,Rarely,8.0,Gain,177.45,30.62
Pasta,Nostalgia,406.0,56.0,Male,Never,2.0,No change,159.46,21.88
Burger,Socialization,409.0,20.0,Female,Never,4.0,Loss,186.02,18.99
Pizzzza,Stress,314.0,25.0,Male,Rarely,6.0,Gain,175.56,23.1
Steak,Socialization,936.0,40.0,Male,Rarely,9.0,,180.22,26.06
Sushi,Boredom,845.0,31.0,,Sometimes,8.0,Loss,173.04,20.86
Pizzzza,Socialization,450.0,44.0,Male,Never,8.0,No change,191.44,24.03
ice_cream,Hunger,418.0,46.0,Other,Rarely,7.0,Gain,191.48,24.8
,Fatigue,606.0,56.0,Male,Never,9.0,Gain,185.47,18.98
Chocolate,Socialization,642.0,56.0,Male,Rarely,2.0,Loss,155.27,27.92
Pizzzza,Hunger,802.0,18.0,Other,Never,3.0,No change,191.94,33.03
Fries,Fatigue,553.0,34.0,Female,Offten,8.0,Loss,183.55,20.58
,Stress,757.0,58.0,Other,Sometimes,6.0,Gain,184.85,28.16
Pasta,Socialization,749.0,47.0,Other,Never,9.0,Gain,168.15,29.3
ice_cream,Fatigue,341.0,30.0,Other,Offten,4.0,No change,193.96,25.13
Fries,Fatigue,811.0,38.0,Female,Never,8.0,No change,186.27,29.92
ice_cream,Celebration,700.0,36.0,Male,Never,3.0,No change,155.63,24.98
Fries,Hunger,901.0,36.0,Other,Offten,3.0,Loss,170.39,26.58
Steak,Hunger,746.0,42.0,Other,Never,8.0,No change,194.32,
Burger,Fatigue,858.0,39.0,Female,Never,5.0,No change,152.36,29.76
Fries,Celebration,741.0,48.0,Other,Sometimes,3.0,Gain,198.07,29.24
Pizzzza,Stress,706.0,34.0,Male,Offten,1.0,Gain,183.96,18.65
Cake,Socialization,795.0,40.0,Female,Offten,3.0,No change,181.57,24.26
Pizzzza,Nostalgia,480.0,49.0,Male,Rarely,9.0,No change,163.53,34.64
Chocolate,Hunger,623.0,27.0,Male,Never,5.0,Gain,162.44,25.15
Cake,Happiness,469.0,27.0,Female,Sometimes,2.0,No change,197.1,26.53
Fries,Socialization,353.0,53.0,Other,Never,7.0,Loss,164.91,
Chocolate,Stress,813.0,25.0,Male,Never,2.0,Loss,188.78,30.19
Chocolate,Happiness,926.0,37.0,Male,Rarely,4.0,Loss,169.66,
Steak,Happiness,861.0,49.0,Male,Never,7.0,No change,156.96,31.56
Pizzzza,Boredom,282.0,31.0,Male,Sometimes,4.0,Gain,150.54,32.69
Fries,Loneliness,821.0,45.0,Female,Sometimes,7.0,No change,177.21,25.77
Soup,Socialization,625.0,63.0,Female,,7.0,,198.79,26.08
Soup,Boredom,474.0,41.0,Male,Never,1.0,Gain,168.46,24.56
Burger,Socialization,912.0,32.0,Other,Sometimes,6.0,Gain,167.86,34.43
ice_cream,Socialization,483.0,39.0,Male,Never,9.0,Gain,167.2,29.85
Chocolate,Stress,372.0,47.0,Other,Never,2.0,Loss,176.03,19.41
Burger,Sadness,526.0,21.0,Male,Never,3.0,No change,172.03,32.67
Soup,Stress,917.0,30.0,Other,Rarely,5.0,Gain,194.0,26.17
Fries,Loneliness,262.0,40.0,Male,Never,9.0,No change,175.28,19.17
Chocolate,Boredom,272.0,,Other,,4.0,Loss,175.39,27.35
Chocolate,Celebration,962.0,35.0,Male,Never,1.0,,156.92,25.09
,Hunger,835.0,29.0,Male,Sometimes,4.0,,199.14,
Burger,Loneliness,574.0,48.0,Other,Never,6.0,Gain,162.5,21.47
Pasta,Loneliness,832.0,31.0,Female,Sometimes,5.0,No change,153.67,32.05
Pizzzza,Socialization,707.0,51.0,Other,Sometimes,1.0,Gain,183.16,27.48
Pizzzza,Socialization,986.0,35.0,Female,Never,4.0,No change,179.77,18.93
Pizzzza,Happiness,597.0,51.0,Male,Never,6.0,Gain,170.76,34.52
,Sadness,319.0,28.0,Other,Sometimes,4.0,No change,171.11,26.71
Pizzzza,Hunger,636.0,58.0,Other,Offten,9.0,No change,189.25,22.94
ice_cream,Boredom,875.0,29.0,,Rarely,5.0,No change,159.79,25.98
Cake,Nostalgia,664.0,32.0,Female,Offten,8.0,No change,191.01,32.58
Cake,Nostalgia,485.0,48.0,Female,Offten,9.0,Loss,182.44,23.18
Burger,Stress,464.0,46.0,Male,Never,5.0,No change,170.95,21.28
Pizzzza,Sadness,519.0,,Female,,6.0,Gain,172.9,20.19
Burger,Socialization,872.0,35.0,Female,Offten,1.0,Loss,162.83,23.06
Pasta,Celebration,575.0,49.0,Male,Never,7.0,,187.61,31.26
Pizzzza,Happiness,288.0,39.0,Other,Offten,4.0,No change,175.64,26.02
,Sadness,853.0,55.0,Other,Offten,2.0,Loss,166.04,21.87
Chocolate,Sadness,402.0,34.0,Male,,5.0,No change,179.8,20.83
Cake,Boredom,,40.0,Other,Never,3.0,Gain,199.79,23.66
ice_cream,Stress,533.0,41.0,Female,Never,6.0,No change,171.76,33.98
Fries,Nostalgia,421.0,25.0,Male,Rarely,8.0,Loss,196.03,23.83
Burger,Happiness,240.0,58.0,Male,Offten,7.0,Gain,167.25,34.8
Pizzzza,Fatigue,907.0,23.0,Male,Never,3.0,No change,152.74,26.25
Cake,Hunger,,22.0,Other,Sometimes,8.0,Gain,160.21,21.05
Pizzzza,Socialization,975.0,61.0,Male,Offten,2.0,Gain,170.93,33.15
Sushi,Boredom,713.0,46.0,Male,,9.0,Loss,160.98,25.83
Sushi,Boredom,836.0,45.0,Male,Rarely,4.0,Gain,150.01,30.06
Pizzzza,Sadness,821.0,28.0,Other,Never,1.0,Loss,,34.72
Sushi,Sadness,797.0,18.0,Female,Sometimes,8.0,Gain,192.19,18.85
Steak,Celebration,,,Male,Rarely,7.0,No change,187.11,19.64
Fries,Nostalgia,326.0,36.0,Female,Never,5.0,Gain,158.39,30.25
Soup,Sadness,454.0,26.0,Other,Sometimes,5.0,No change,156.02,22.79
Chocolate,Sadness,894.0,44.0,Other,Sometimes,7.0,No change,153.38,21.13
Pizzzza,Hunger,215.0,51.0,Other,Rarely,5.0,Gain,186.2,18.67
,Hunger,,61.0,Other,Never,8.0,No change,196.44,18.37
Burger,,261.0,21.0,,Never,6.0,Gain,171.53,31.17
Pizzzza,Socialization,631.0,53.0,Male,Sometimes,5.0,Gain,155.96,20.29
Cake,Loneliness,869.0,35.0,Other,Sometimes,9.0,No change,175.62,25.95
Fries,Loneliness,467.0,32.0,Other,,2.0,No change,167.44,28.3
Fries,,234.0,30.0,Female,Never,1.0,Loss,168.74,25.28
Sushi,,978.0,36.0,Female,Rarely,8.0,No change,181.07,18.46
Soup,Happiness,775.0,23.0,Other,Rarely,3.0,Loss,185.94,31.32
ice_cream,Loneliness,693.0,29.0,Male,Never,7.0,No change,155.53,18.18
Sushi,Hunger,761.0,54.0,Male,Offten,8.0,Gain,151.78,30.95
Chocolate,Sadness,668.0,34.0,Other,,6.0,No change,199.72,33.19
Cake,Sadness,966.0,40.0,Female,Sometimes,9.0,Gain,,25.36
Sushi,Hunger,860.0,43.0,Other,Offten,7.0,Gain,152.69,27.1
Fries,Celebration,524.0,46.0,Other,Offten,5.0,Gain,159.49,26.11
Soup,Sadness,503.0,50.0,Female,Rarely,8.0,Loss,151.95,24.62
Burger,Hunger,475.0,44.0,Other,Offten,2.0,No change,169.59,33.09
Burger,Fatigue,,42.0,Other,Offten,7.0,Gain,190.12,33.2
Cake,Nostalgia,400.0,27.0,,Rarely,4.0,Gain,167.06,23.71
Burger,Happiness,,64.0,Female,Rarely,9.0,Loss,172.21,28.46
,,523.0,40.0,Male,Offten,1.0,No change,183.78,33.76
Fries,Boredom,234.0,38.0,,Sometimes,7.0,No change,175.44,34.35
,Sadness,681.0,38.0,Female,Never,6.0,Loss,193.07,26.65
Steak,Fatigue,927.0,60.0,Male,Offten,8.0,Loss,193.3,25.7
Fries,Celebration,679.0,30.0,Other,Offten,5.0,No change,150.5,22.74
Sushi,Socialization,264.0,54.0,Male,Sometimes,1.0,Loss,188.9,34.3
Cake,Hunger,207.0,50.0,Other,Offten,1.0,No change,173.04,20.43
Pasta,Celebration,500.0,41.0,Male,Offten,9.0,No change,199.44,27.86
Fries,Nostalgia,542.0,61.0,Female,Never,6.0,Gain,174.16,22.8
Soup,Hunger,630.0,28.0,Male,Never,5.0,Gain,199.34,22.74
,Socialization,623.0,34.0,Male,Never,1.0,,187.73,24.88
Soup,Stress,531.0,21.0,Male,Rarely,6.0,No change,162.43,34.98
Sushi,Happiness,637.0,64.0,Female,Rarely,6.0,No change,176.92,
Sushi,Socialization,787.0,42.0,Male,,3.0,,199.61,27.84
Pizzzza,Stress,373.0,47.0,Female,Never,8.0,No change,192.88,19.4
ice_cream,Loneliness,758.0,26.0,Other,Rarely,1.0,No change,154.87,20.63
Pasta,Loneliness,726.0,38.0,Male,Sometimes,1.0,Loss,185.32,25.47
Steak,Sadness,858.0,37.0,Female,Offten,6.0,No change,167.28,26.68
ice_cream,Hunger,225.0,,Female,Offten,1.0,Loss,150.35,22.4
Soup,Socialization,804.0,36.0,Male,Never,6.0,Loss,170.17,23.38
Fries,Happiness,605.0,29.0,Other,Sometimes,1.0,No change,161.74,19.48
Pasta,Celebration,431.0,54.0,Female,Rarely,6.0,No change,190.94,23.15
Steak,Sadness,732.0,59.0,Male,Never,3.0,Loss,,34.43
Cake,Boredom,749.0,34.0,Other,Sometimes,8.0,Loss,191.38,34.06
Pizzzza,Boredom,987.0,54.0,,Sometimes,6.0,No change,150.03,23.69
Burger,Loneliness,704.0,56.0,Female,Sometimes,1.0,No change,165.39,27.7
Pasta,Socialization,868.0,45.0,Other,Rarely,5.0,Loss,162.06,33.46
